"","area_fips","own_code","industry_code","agglvl_code","size_code","year","qtr","disclosure_code","annual_avg_estabs","annual_avg_emplvl","total_annual_wages","taxable_annual_wages","annual_contributions","annual_avg_wkly_wage","avg_annual_pay","lq_disclosure_code","lq_annual_avg_estabs","lq_annual_avg_emplvl","lq_total_annual_wages","lq_taxable_annual_wages","lq_annual_contributions","lq_annual_avg_wkly_wage","lq_avg_annual_pay","oty_disclosure_code","oty_annual_avg_estabs_chg","oty_annual_avg_estabs_pct_chg","oty_annual_avg_emplvl_chg","oty_annual_avg_emplvl_pct_chg","oty_total_annual_wages_chg","oty_total_annual_wages_pct_chg","oty_taxable_annual_wages_chg","oty_taxable_annual_wages_pct_chg","oty_annual_contributions_chg","oty_annual_contributions_pct_chg","oty_annual_avg_wkly_wage_chg","oty_annual_avg_wkly_wage_pct_chg","oty_avg_annual_pay_chg","oty_avg_annual_pay_pct_chg"
"1",13079,0,"10",70,0,2015,"A",NA,147,1354,42248377,9872230,225838,600,31210,NA,1,1,1,1,1,1,1,NA,-4,-2.6,23,1.7,1898048,4.7,251031,2.6,-36989,-14.1,17,2.9,887,2.9
"2",13079,1,"10",71,0,2015,"A",NA,3,7,315968,0,0,848,44089,NA,3.2,0.26,0.26,0,0,0.96,0.96,NA,0,0,1,16.7,44736,16.5,0,0,0,0,13,1.6,692,1.6
"3",13079,1,"102",72,0,2015,"A",NA,3,7,315968,0,0,848,44089,NA,3.2,0.27,0.26,0,0,0.96,0.96,NA,0,0,1,16.7,44736,16.5,0,0,0,0,13,1.6,692,1.6
"4",13079,1,"1021",73,0,2015,"A",NA,2,7,315968,0,0,848,44089,NA,4.28,1.08,1.34,0,0,1.21,1.21,NA,0,0,1,16.7,44736,16.5,0,0,0,0,13,1.6,692,1.6
"5",13079,1,"1028",73,0,2015,"A",NA,1,0,0,0,0,0,0,NA,2.6,0,0,0,0,0,0,NA,0,0,0,0,0,0,0,0,0,0,0,0,0,0
"6",13079,1,"48-49",74,0,2015,"A",NA,2,7,315968,0,0,848,44089,NA,4.41,1.18,1.43,0,0,1.18,1.18,NA,0,0,1,16.7,44736,16.5,0,0,0,0,13,1.6,692,1.6
"7",13079,1,"491",75,0,2015,"A",NA,2,7,315968,0,0,848,44089,NA,4.44,1.21,1.49,0,0,1.21,1.2,NA,0,0,1,16.7,44736,16.5,0,0,0,0,13,1.6,692,1.6
"8",13079,1,"4911",76,0,2015,"A",NA,2,7,315968,0,0,848,44089,NA,4.44,1.21,1.49,0,0,1.21,1.2,NA,0,0,1,16.7,44736,16.5,0,0,0,0,13,1.6,692,1.6
"9",13079,1,"49111",77,0,2015,"A",NA,2,7,315968,0,0,848,44089,NA,4.44,1.21,1.49,0,0,1.21,1.2,NA,0,0,1,16.7,44736,16.5,0,0,0,0,13,1.6,692,1.6
"10",13079,1,"491110",78,0,2015,"A",NA,2,7,315968,0,0,848,44089,NA,4.44,1.21,1.49,0,0,1.21,1.2,NA,0,0,1,16.7,44736,16.5,0,0,0,0,13,1.6,692,1.6
"11",13079,1,"92",74,0,2015,"A",NA,1,0,0,0,0,0,0,NA,2.6,0,0,0,0,0,0,NA,0,0,0,0,0,0,0,0,0,0,0,0,0,0
"12",13079,1,"926",75,0,2015,"A",NA,1,0,0,0,0,0,0,NA,7.74,0,0,0,0,0,0,NA,0,0,0,0,0,0,0,0,0,0,0,0,0,0
"13",13079,1,"9261",76,0,2015,"A",NA,1,0,0,0,0,0,0,NA,7.74,0,0,0,0,0,0,NA,0,0,0,0,0,0,0,0,0,0,0,0,0,0
"14",13079,1,"92611",77,0,2015,"A",NA,1,0,0,0,0,0,0,NA,27.14,0,0,0,0,0,0,NA,0,0,0,0,0,0,0,0,0,0,0,0,0,0
"15",13079,1,"926110",78,0,2015,"A",NA,1,0,0,0,0,0,0,NA,27.14,0,0,0,0,0,0,NA,0,0,0,0,0,0,0,0,0,0,0,0,0,0
"16",13079,2,"10",71,0,2015,"A",NA,5,19,546985,52986,0,549,28538,NA,4.69,0.43,0.37,0.92,0,0.87,0.87,NA,0,0,-1,-5,14209,2.7,3293,6.6,0,0,32,6.2,1675,6.2
"17",13079,2,"102",72,0,2015,"A",NA,5,19,546985,52986,0,549,28538,NA,4.83,0.44,0.38,0.94,0,0.87,0.87,NA,0,0,-1,-5,14209,2.7,3293,6.6,0,0,32,6.2,1675,6.2
"18",13079,2,"1021",73,0,2015,"A","N",1,0,0,0,0,0,0,"N",67.98,0,0,0,0,0,0,"N",0,0,0,0,0,0,0,0,0,0,0,0,0,0
"19",13079,2,"1025",73,0,2015,"A","N",2,0,0,0,0,0,0,"N",9,0,0,0,0,0,0,"N",0,0,0,0,0,0,0,0,0,0,0,0,0,0
"20",13079,2,"1028",73,0,2015,"A","N",2,0,0,0,0,0,0,"N",2.65,0,0,0,0,0,0,"N",0,0,0,0,0,0,0,0,0,0,0,0,0,0
"21",13079,2,"48-49",74,0,2015,"A","N",1,0,0,0,0,0,0,"N",136.38,0,0,0,0,0,0,"N",0,0,0,0,0,0,0,0,0,0,0,0,0,0
"22",13079,2,"488",75,0,2015,"A","N",1,0,0,0,0,0,0,"N",164.42,0,0,0,0,0,0,"N",0,0,0,0,0,0,0,0,0,0,0,0,0,0
"23",13079,2,"4881",76,0,2015,"A","N",1,0,0,0,0,0,0,"N",374.46,0,0,0,0,0,0,"N",0,0,0,0,0,0,0,0,0,0,0,0,0,0
"24",13079,2,"48811",77,0,2015,"A","N",1,0,0,0,0,0,0,"N",378.83,0,0,0,0,0,0,"N",0,0,0,0,0,0,0,0,0,0,0,0,0,0
"25",13079,2,"488111",78,0,2015,"A","N",1,0,0,0,0,0,0,"N",404.88,0,0,0,0,0,0,"N",0,0,0,0,0,0,0,0,0,0,0,0,0,0
"26",13079,2,"61",74,0,2015,"A","N",1,0,0,0,0,0,0,"N",8.48,0,0,0,0,0,0,"N",0,0,0,0,0,0,0,0,0,0,0,0,0,0
"27",13079,2,"611",75,0,2015,"A","N",1,0,0,0,0,0,0,"N",8.48,0,0,0,0,0,0,"N",0,0,0,0,0,0,0,0,0,0,0,0,0,0
"28",13079,2,"6115",76,0,2015,"A","N",1,0,0,0,0,0,0,"N",226.51,0,0,0,0,0,0,"N",0,0,0,0,0,0,0,0,0,0,0,0,0,0
"29",13079,2,"61151",77,0,2015,"A","N",1,0,0,0,0,0,0,"N",226.51,0,0,0,0,0,0,"N",0,0,0,0,0,0,0,0,0,0,0,0,0,0
"30",13079,2,"611519",78,0,2015,"A","N",1,0,0,0,0,0,0,"N",231.36,0,0,0,0,0,0,"N",0,0,0,0,0,0,0,0,0,0,0,0,0,0
"31",13079,2,"62",74,0,2015,"A","N",1,0,0,0,0,0,0,"N",9.58,0,0,0,0,0,0,"N",0,0,0,0,0,0,0,0,0,0,0,0,0,0
"32",13079,2,"621",75,0,2015,"A","N",1,0,0,0,0,0,0,"N",55.56,0,0,0,0,0,0,"N",0,0,0,0,0,0,0,0,0,0,0,0,0,0
"33",13079,2,"6214",76,0,2015,"A","N",1,0,0,0,0,0,0,"N",74.89,0,0,0,0,0,0,"N",0,0,0,0,0,0,0,0,0,0,0,0,0,0
"34",13079,2,"62149",77,0,2015,"A","N",1,0,0,0,0,0,0,"N",161.15,0,0,0,0,0,0,"N",0,0,0,0,0,0,0,0,0,0,0,0,0,0
"35",13079,2,"621498",78,0,2015,"A","N",1,0,0,0,0,0,0,"N",162.36,0,0,0,0,0,0,"N",0,0,0,0,0,0,0,0,0,0,0,0,0,0
"36",13079,2,"92",74,0,2015,"A","N",2,0,0,0,0,0,0,"N",2.65,0,0,0,0,0,0,"N",0,0,0,0,0,0,0,0,0,0,0,0,0,0
"37",13079,2,"924",75,0,2015,"A","N",1,0,0,0,0,0,0,"N",9.4,0,0,0,0,0,0,"N",0,0,0,0,0,0,0,0,0,0,0,0,0,0
"38",13079,2,"9241",76,0,2015,"A","N",1,0,0,0,0,0,0,"N",9.4,0,0,0,0,0,0,"N",0,0,0,0,0,0,0,0,0,0,0,0,0,0
"39",13079,2,"92412",77,0,2015,"A","N",1,0,0,0,0,0,0,"N",11.63,0,0,0,0,0,0,"N",0,0,0,0,0,0,0,0,0,0,0,0,0,0
"40",13079,2,"924120",78,0,2015,"A","N",1,0,0,0,0,0,0,"N",11.63,0,0,0,0,0,0,"N",0,0,0,0,0,0,0,0,0,0,0,0,0,0
"41",13079,2,"926",75,0,2015,"A","N",1,0,0,0,0,0,0,"N",5.92,0,0,0,0,0,0,"N",0,0,0,0,0,0,0,0,0,0,0,0,0,0
"42",13079,2,"9261",76,0,2015,"A","N",1,0,0,0,0,0,0,"N",5.92,0,0,0,0,0,0,"N",0,0,0,0,0,0,0,0,0,0,0,0,0,0
"43",13079,2,"92614",77,0,2015,"A","N",1,0,0,0,0,0,0,"N",20.01,0,0,0,0,0,0,"N",0,0,0,0,0,0,0,0,0,0,0,0,0,0
"44",13079,2,"926140",78,0,2015,"A","N",1,0,0,0,0,0,0,"N",20.01,0,0,0,0,0,0,"N",0,0,0,0,0,0,0,0,0,0,0,0,0,0
"45",13079,3,"10",71,0,2015,"A",NA,10,405,11605441,130245,1615,551,28650,NA,3.84,3.01,3.08,0.94,1.31,1.02,1.02,NA,0,0,-21,-4.9,14892,0.1,4383,3.5,-865,-34.9,27,5.2,1421,5.2
"46",13079,3,"102",72,0,2015,"A",NA,10,405,11605441,130245,1615,551,28650,NA,3.95,3.03,3.1,0.95,1.33,1.02,1.02,NA,0,0,-21,-4.9,14892,0.1,4383,3.5,-865,-34.9,27,5.2,1421,5.2
"47",13079,3,"1025",73,0,2015,"A","N",7,0,0,0,0,0,0,"N",6.24,0,0,0,0,0,0,"N",0,0,0,0,0,0,0,0,0,0,0,0,0,0
"48",13079,3,"1028",73,0,2015,"A","N",3,0,0,0,0,0,0,"N",3.18,0,0,0,0,0,0,"N",0,0,0,0,0,0,0,0,0,0,0,0,0,0
"49",13079,3,"61",74,0,2015,"A","N",7,0,0,0,0,0,0,"N",6.9,0,0,0,0,0,0,"N",0,0,0,0,0,0,0,0,0,0,0,0,0,0
"50",13079,3,"611",75,0,2015,"A","N",7,0,0,0,0,0,0,"N",6.9,0,0,0,0,0,0,"N",0,0,0,0,0,0,0,0,0,0,0,0,0,0
"51",13079,3,"6111",76,0,2015,"A","N",7,0,0,0,0,0,0,"N",7.13,0,0,0,0,0,0,"N",0,0,0,0,0,0,0,0,0,0,0,0,0,0
"52",13079,3,"61111",77,0,2015,"A","N",7,0,0,0,0,0,0,"N",7.13,0,0,0,0,0,0,"N",0,0,0,0,0,0,0,0,0,0,0,0,0,0
"53",13079,3,"611110",78,0,2015,"A","N",7,0,0,0,0,0,0,"N",7.13,0,0,0,0,0,0,"N",0,0,0,0,0,0,0,0,0,0,0,0,0,0
"54",13079,3,"92",74,0,2015,"A","N",3,0,0,0,0,0,0,"N",3.18,0,0,0,0,0,0,"N",0,0,0,0,0,0,0,0,0,0,0,0,0,0
"55",13079,3,"921",75,0,2015,"A","N",2,0,0,0,0,0,0,"N",3.56,0,0,0,0,0,0,"N",0,0,0,0,0,0,0,0,0,0,0,0,0,0
"56",13079,3,"9211",76,0,2015,"A","N",2,0,0,0,0,0,0,"N",3.56,0,0,0,0,0,0,"N",0,0,0,0,0,0,0,0,0,0,0,0,0,0
"57",13079,3,"92114",77,0,2015,"A","N",2,0,0,0,0,0,0,"N",6.08,0,0,0,0,0,0,"N",0,0,0,0,0,0,0,0,0,0,0,0,0,0
"58",13079,3,"921140",78,0,2015,"A","N",2,0,0,0,0,0,0,"N",6.08,0,0,0,0,0,0,"N",0,0,0,0,0,0,0,0,0,0,0,0,0,0
"59",13079,3,"925",75,0,2015,"A","N",1,0,0,0,0,0,0,"N",18.67,0,0,0,0,0,0,"N",0,0,0,0,0,0,0,0,0,0,0,0,0,0
"60",13079,3,"9251",76,0,2015,"A","N",1,0,0,0,0,0,0,"N",18.67,0,0,0,0,0,0,"N",0,0,0,0,0,0,0,0,0,0,0,0,0,0
"61",13079,3,"92511",77,0,2015,"A","N",1,0,0,0,0,0,0,"N",29.51,0,0,0,0,0,0,"N",0,0,0,0,0,0,0,0,0,0,0,0,0,0
"62",13079,3,"925110",78,0,2015,"A","N",1,0,0,0,0,0,0,"N",29.51,0,0,0,0,0,0,"N",0,0,0,0,0,0,0,0,0,0,0,0,0,0
"63",13079,5,"10",71,0,2015,"A",NA,129,922,29779983,9688999,224223,621,32291,NA,0.91,0.8,0.83,1,1,1.04,1.04,NA,-4,-3,43,4.9,1824211,6.5,243355,2.6,-36124,-13.9,9,1.5,484,1.5
"64",13079,5,"101",72,0,2015,"A",NA,54,457,14749982,4735770,139981,621,32282,NA,2.82,2.27,2.02,2.3,2.31,0.89,0.89,NA,0,0,47,11.5,1831194,14.2,382100,8.8,-15830,-10.2,15,2.5,754,2.4
"65",13079,5,"1011",73,0,2015,"A",NA,16,331,9644837,3204269,78048,560,29116,NA,7.51,17.04,14.41,15.46,15.75,0.85,0.84,NA,0,0,34,11.4,747767,8.4,115209,3.7,-24416,-23.8,-17,-2.9,-891,-3
"66",13079,5,"1012",73,0,2015,"A",NA,27,87,3803811,1091426,42593,843,43848,NA,2.3,1.4,1.82,1.57,1.57,1.31,1.3,NA,0,0,13,17.6,1000076,35.7,254015,30.3,8436,24.7,118,16.3,6172,16.4
"67",13079,5,"1013",73,0,2015,"A",NA,11,39,1301334,440075,19340,643,33439,NA,2.09,0.33,0.29,0.38,0.68,0.88,0.88,NA,0,0,0,0,83351,6.8,12876,3,150,0.8,40,6.6,2075,6.6
"68",13079,5,"102",72,0,2015,"A",NA,75,465,15030001,4953229,84242,621,32299,NA,0.61,0.49,0.53,0.65,0.51,1.07,1.07,NA,-4,-5.1,-4,-0.9,-6983,0,-138745,-2.7,-20294,-19.4,5,0.8,249,0.8
"69",13079,5,"1021",73,0,2015,"A",NA,29,190,6174368,2093057,25550,625,32525,NA,0.98,0.73,0.91,0.94,0.59,1.24,1.24,NA,-5,-14.7,-10,-5,-826984,-11.8,-87382,-4,-986,-3.7,-48,-7.1,-2453,-7
"70",13079,5,"1022",73,0,2015,"A","N",1,0,0,0,0,0,0,"N",0.43,0,0,0,0,0,0,"N",0,0,0,0,0,0,0,0,0,0,0,0,0,0
"71",13079,5,"1023",73,0,2015,"A",NA,6,16,676239,159545,3329,796,41402,NA,0.46,0.21,0.17,0.22,0.21,0.8,0.8,NA,1,20,3,23.1,252026,59.4,60192,60.6,1342,67.5,184,30.1,9586,30.1
"72",13079,5,"1024",73,0,2015,"A",NA,14,58,3319715,668282,8285,1105,57484,NA,0.53,0.3,0.43,0.35,0.17,1.41,1.41,NA,1,7.7,5,9.4,335214,11.2,-228824,-25.5,-20358,-71.1,24,2.2,1261,2.2
"73",13079,5,"1025",73,0,2015,"A",NA,8,142,3321228,1415123,36684,450,23375,NA,0.34,0.69,0.58,1.31,1.75,0.84,0.84,NA,-2,-20,-5,-3.4,149670,4.7,13568,1,-679,-1.8,36,8.7,1849,8.6
"74",13079,5,"1026",73,0,2015,"A",NA,6,29,265174,231290,2137,174,9040,NA,0.48,0.2,0.14,0.22,0.11,0.7,0.7,NA,1,20,1,3.6,975,0.4,34840,17.7,329,18.2,-11,-5.9,-567,-5.9
"75",13079,5,"1027",73,0,2015,"A",NA,8,25,1126391,298571,5919,869,45206,NA,0.63,0.6,1.3,0.96,0.93,2.18,2.18,NA,-2,-20,0,0,-1872,-0.2,13048,4.6,-1121,-15.9,7,0.8,374,0.8
"76",13079,5,"1029",73,0,2015,"A","N",3,0,0,0,0,0,0,"N",1,0,0,0,0,0,0,"N",1,50,0,0,0,0,0,0,0,0,0,0,0,0
"77",13079,5,"11",74,0,2015,"A","N",14,0,0,0,0,0,0,"N",8.88,0,0,0,0,0,0,"N",0,0,0,0,0,0,0,0,0,0,0,0,0,0
"78",13079,5,"111",75,0,2015,"A",NA,6,211,3669501,1641825,44584,334,17391,NA,8.3,38.75,37.71,30.3,29.74,0.97,0.97,NA,0,0,32,17.9,216563,6.3,60387,3.8,221,0.5,-37,-10,-1881,-9.8
"79",13079,5,"1111",76,0,2015,"A","N",1,0,0,0,0,0,0,"N",5.37,0,0,0,0,0,0,"N",0,0,0,0,0,0,0,0,0,0,0,0,0,0
"80",13079,5,"11114",77,0,2015,"A","N",1,0,0,0,0,0,0,"N",30.56,0,0,0,0,0,0,"N",0,0,0,0,0,0,0,0,0,0,0,0,0,0
"81",13079,5,"111140",78,0,2015,"A","N",1,0,0,0,0,0,0,"N",30.56,0,0,0,0,0,0,"N",0,0,0,0,0,0,0,0,0,0,0,0,0,0
"82",13079,5,"1113",76,0,2015,"A",NA,3,170,2686644,1174103,41442,304,15796,NA,16.81,89.04,88.26,60.96,70.7,0.99,0.99,NA,0,0,27,18.9,98231,3.8,-13402,-1.1,-1276,-3,-43,-12.4,-2263,-12.5
"83",13079,5,"11133",77,0,2015,"A",NA,3,170,2686644,1174103,41442,304,15796,NA,18.18,93.36,93.42,62.98,73.49,1,1,NA,0,0,27,18.9,98231,3.8,-13402,-1.1,-1276,-3,-43,-12.4,-2263,-12.5
"84",13079,5,"111339",78,0,2015,"A",NA,3,170,2686644,1174103,41442,304,15796,NA,73.12,474.69,528.62,297.93,394.24,1.11,1.11,NA,0,0,27,18.9,98231,3.8,-13402,-1.1,-1276,-3,-43,-12.4,-2263,-12.5
"85",13079,5,"1114",76,0,2015,"A","N",2,0,0,0,0,0,0,"N",15,0,0,0,0,0,0,"N",0,0,0,0,0,0,0,0,0,0,0,0,0,0
"86",13079,5,"11142",77,0,2015,"A","N",2,0,0,0,0,0,0,"N",17.5,0,0,0,0,0,0,"N",0,0,0,0,0,0,0,0,0,0,0,0,0,0
"87",13079,5,"111421",78,0,2015,"A","N",2,0,0,0,0,0,0,"N",25.51,0,0,0,0,0,0,"N",0,0,0,0,0,0,0,0,0,0,0,0,0,0
"88",13079,5,"112",75,0,2015,"A","N",1,0,0,0,0,0,0,"N",2.62,0,0,0,0,0,0,"N",0,0,0,0,0,0,0,0,0,0,0,0,0,0
"89",13079,5,"1123",76,0,2015,"A","N",1,0,0,0,0,0,0,"N",34.51,0,0,0,0,0,0,"N",0,0,0,0,0,0,0,0,0,0,0,0,0,0
"90",13079,5,"11232",77,0,2015,"A","N",1,0,0,0,0,0,0,"N",141.75,0,0,0,0,0,0,"N",0,0,0,0,0,0,0,0,0,0,0,0,0,0
"91",13079,5,"112320",78,0,2015,"A","N",1,0,0,0,0,0,0,"N",141.75,0,0,0,0,0,0,"N",0,0,0,0,0,0,0,0,0,0,0,0,0,0
"92",13079,5,"113",75,0,2015,"A",NA,6,77,3932811,1103392,26959,981,51020,NA,41.93,137.24,272.84,161.51,150.99,1.99,1.99,NA,0,0,2,2.7,468499,13.5,31138,2.9,-21642,-44.5,94,10.6,4880,10.6
"93",13079,5,"1133",76,0,2015,"A",NA,6,77,3932811,1103392,26959,981,51020,NA,46.68,153.24,318.1,177.46,161.56,2.07,2.07,NA,0,0,2,2.7,468499,13.5,31138,2.9,-21642,-44.5,94,10.6,4880,10.6
"94",13079,5,"11331",77,0,2015,"A",NA,6,77,3932811,1103392,26959,981,51020,NA,46.68,153.24,318.1,177.46,161.56,2.07,2.07,NA,0,0,2,2.7,468499,13.5,31138,2.9,-21642,-44.5,94,10.6,4880,10.6
"95",13079,5,"113310",78,0,2015,"A",NA,6,77,3932811,1103392,26959,981,51020,NA,46.68,153.24,318.1,177.46,161.56,2.07,2.07,NA,0,0,2,2.7,468499,13.5,31138,2.9,-21642,-44.5,94,10.6,4880,10.6
"96",13079,5,"115",75,0,2015,"A","N",1,0,0,0,0,0,0,"N",3.45,0,0,0,0,0,0,"N",0,0,0,0,0,0,0,0,0,0,0,0,0,0
"97",13079,5,"1152",76,0,2015,"A","N",1,0,0,0,0,0,0,"N",11.89,0,0,0,0,0,0,"N",0,0,0,0,0,0,0,0,0,0,0,0,0,0
"98",13079,5,"11521",77,0,2015,"A","N",1,0,0,0,0,0,0,"N",11.89,0,0,0,0,0,0,"N",0,0,0,0,0,0,0,0,0,0,0,0,0,0
"99",13079,5,"115210",78,0,2015,"A","N",1,0,0,0,0,0,0,"N",11.89,0,0,0,0,0,0,"N",0,0,0,0,0,0,0,0,0,0,0,0,0,0
"100",13079,5,"21",74,0,2015,"A","N",2,0,0,0,0,0,0,"N",3.62,0,0,0,0,0,0,"N",0,0,0,0,0,0,0,0,0,0,0,0,0,0
"101",13079,5,"212",75,0,2015,"A","N",2,0,0,0,0,0,0,"N",17.9,0,0,0,0,0,0,"N",0,0,0,0,0,0,0,0,0,0,0,0,0,0
"102",13079,5,"2123",76,0,2015,"A","N",2,0,0,0,0,0,0,"N",22.52,0,0,0,0,0,0,"N",0,0,0,0,0,0,0,0,0,0,0,0,0,0
"103",13079,5,"21232",77,0,2015,"A","N",2,0,0,0,0,0,0,"N",45.49,0,0,0,0,0,0,"N",0,0,0,0,0,0,0,0,0,0,0,0,0,0
"104",13079,5,"212321",78,0,2015,"A","N",1,0,0,0,0,0,0,"N",26.45,0,0,0,0,0,0,"N",0,0,0,0,0,0,0,0,0,0,0,0,0,0
"105",13079,5,"212324",78,0,2015,"A","N",1,0,0,0,0,0,0,"N",938.85,0,0,0,0,0,0,"N",0,0,0,0,0,0,0,0,0,0,0,0,0,0
"106",13079,5,"23",74,0,2015,"A",NA,27,87,3803811,1091426,42593,843,43848,NA,2.3,1.4,1.82,1.57,1.57,1.31,1.3,NA,0,0,13,17.6,1000076,35.7,254015,30.3,8436,24.7,118,16.3,6172,16.4
"107",13079,5,"236",75,0,2015,"A","N",1,0,0,0,0,0,0,"N",0.28,0,0,0,0,0,0,"N",0,0,0,0,0,0,0,0,0,0,0,0,0,0
"108",13079,5,"2361",76,0,2015,"A","N",1,0,0,0,0,0,0,"N",0.37,0,0,0,0,0,0,"N",0,0,0,0,0,0,0,0,0,0,0,0,0,0
"109",13079,5,"23611",77,0,2015,"A","N",1,0,0,0,0,0,0,"N",0.37,0,0,0,0,0,0,"N",0,0,0,0,0,0,0,0,0,0,0,0,0,0
"110",13079,5,"236118",78,0,2015,"A","N",1,0,0,0,0,0,0,"N",0.76,0,0,0,0,0,0,"N",0,0,0,0,0,0,0,0,0,0,0,0,0,0
"111",13079,5,"237",75,0,2015,"A","N",1,0,0,0,0,0,0,"N",1.29,0,0,0,0,0,0,"N",0,0,0,0,0,0,0,0,0,0,0,0,0,0
"112",13079,5,"2371",76,0,2015,"A","N",1,0,0,0,0,0,0,"N",2.6,0,0,0,0,0,0,"N",0,0,0,0,0,0,0,0,0,0,0,0,0,0
"113",13079,5,"23712",77,0,2015,"A","N",1,0,0,0,0,0,0,"N",17.16,0,0,0,0,0,0,"N",0,0,0,0,0,0,0,0,0,0,0,0,0,0
"114",13079,5,"237120",78,0,2015,"A","N",1,0,0,0,0,0,0,"N",17.16,0,0,0,0,0,0,"N",0,0,0,0,0,0,0,0,0,0,0,0,0,0
"115",13079,5,"238",75,0,2015,"A",NA,25,75,3537808,997780,42369,910,47329,NA,3.35,1.9,2.89,2.31,2.56,1.52,1.52,NA,0,0,12,19,967062,37.6,255549,34.4,8368,24.6,127,16.2,6631,16.3
"116",13079,5,"2381",76,0,2015,"A","N",5,0,0,0,0,0,0,"N",3.4,0,0,0,0,0,0,"N",0,0,0,0,0,0,0,0,0,0,0,0,0,0
"117",13079,5,"23814",77,0,2015,"A","N",3,0,0,0,0,0,0,"N",9.52,0,0,0,0,0,0,"N",0,0,0,0,0,0,0,0,0,0,0,0,0,0
"118",13079,5,"238141",78,0,2015,"A","N",1,0,0,0,0,0,0,"N",4.31,0,0,0,0,0,0,"N",0,0,0,0,0,0,0,0,0,0,0,0,0,0
"119",13079,5,"238142",78,0,2015,"A","N",2,0,0,0,0,0,0,"N",24.08,0,0,0,0,0,0,"N",0,0,0,0,0,0,0,0,0,0,0,0,0,0
"120",13079,5,"23816",77,0,2015,"A","N",1,0,0,0,0,0,0,"N",3.1,0,0,0,0,0,0,"N",0,0,0,0,0,0,0,0,0,0,0,0,0,0
"121",13079,5,"238161",78,0,2015,"A","N",1,0,0,0,0,0,0,"N",4.2,0,0,0,0,0,0,"N",0,0,0,0,0,0,0,0,0,0,0,0,0,0
"122",13079,5,"23817",77,0,2015,"A","N",1,0,0,0,0,0,0,"N",8.73,0,0,0,0,0,0,"N",0,0,0,0,0,0,0,0,0,0,0,0,0,0
"123",13079,5,"238171",78,0,2015,"A","N",1,0,0,0,0,0,0,"N",9.48,0,0,0,0,0,0,"N",0,0,0,0,0,0,0,0,0,0,0,0,0,0
"124",13079,5,"2382",76,0,2015,"A",NA,16,64,3382245,916026,39557,1020,53055,NA,5.34,3.43,5.28,4.51,5.24,1.55,1.55,NA,0,0,11,20.8,924989,37.6,242172,35.9,8216,26.2,121,13.5,6324,13.5
"125",13079,5,"23821",77,0,2015,"A",NA,7,22,1217827,274566,18927,1057,54940,NA,5.51,2.72,4.33,3.09,5.63,1.58,1.58,"N",0,0,0,0,0,0,0,0,0,0,0,0,0,0
"126",13079,5,"238211",78,0,2015,"A","N",2,0,0,0,0,0,0,"N",2.79,0,0,0,0,0,0,"N",0,0,0,0,0,0,0,0,0,0,0,0,0,0
"127",13079,5,"238212",78,0,2015,"A","N",5,0,0,0,0,0,0,"N",9.04,0,0,0,0,0,0,"N",0,0,0,0,0,0,0,0,0,0,0,0,0,0
"128",13079,5,"23822",77,0,2015,"A","N",7,0,0,0,0,0,0,"N",4.47,0,0,0,0,0,0,"N",-1,-12.5,0,0,0,0,0,0,0,0,0,0,0,0
"129",13079,5,"238221",78,0,2015,"A",NA,4,14,367211,145467,2357,498,25921,NA,3.55,3.12,2.99,3.23,1.83,0.95,0.95,"N",0,0,0,0,0,0,0,0,0,0,0,0,0,0
"130",13079,5,"238222",78,0,2015,"A","N",3,0,0,0,0,0,0,"N",6.83,0,0,0,0,0,0,"N",-1,-25,0,0,0,0,0,0,0,0,0,0,0,0
"131",13079,5,"23829",77,0,2015,"A","N",2,0,0,0,0,0,0,"N",12.65,0,0,0,0,0,0,"N",1,100,0,0,0,0,0,0,0,0,0,0,0,0
"132",13079,5,"238292",78,0,2015,"A","N",2,0,0,0,0,0,0,"N",15.74,0,0,0,0,0,0,"N",1,100,0,0,0,0,0,0,0,0,0,0,0,0
"133",13079,5,"2383",76,0,2015,"A","N",4,0,0,0,0,0,0,"N",2.2,0,0,0,0,0,0,"N",0,0,0,0,0,0,0,0,0,0,0,0,0,0
"134",13079,5,"23833",77,0,2015,"A","N",1,0,0,0,0,0,0,"N",4.19,0,0,0,0,0,0,"N",0,0,0,0,0,0,0,0,0,0,0,0,0,0
"135",13079,5,"238331",78,0,2015,"A","N",1,0,0,0,0,0,0,"N",5.22,0,0,0,0,0,0,"N",0,0,0,0,0,0,0,0,0,0,0,0,0,0
"136",13079,5,"23835",77,0,2015,"A",NA,3,7,41907,29779,432,117,6059,NA,6.81,5.55,1.27,2.27,1,0.23,0.23,"N",0,0,0,0,0,0,0,0,0,0,0,0,0,0
"137",13079,5,"238351",78,0,2015,"A",NA,3,7,41907,29779,432,117,6059,NA,8,7.43,1.85,3.12,1.57,0.25,0.25,"N",0,0,0,0,0,0,0,0,0,0,0,0,0,0
"138",13079,5,"31-33",74,0,2015,"A",NA,11,39,1301334,440075,19340,643,33439,NA,2.09,0.33,0.29,0.38,0.68,0.88,0.88,NA,0,0,0,0,83351,6.8,12876,3,150,0.8,40,6.6,2075,6.6
"139",13079,5,"321",75,0,2015,"A","N",1,0,0,0,0,0,0,"N",4.47,0,0,0,0,0,0,"N",0,0,0,0,0,0,0,0,0,0,0,0,0,0
"140",13079,5,"3219",76,0,2015,"A","N",1,0,0,0,0,0,0,"N",6.95,0,0,0,0,0,0,"N",0,0,0,0,0,0,0,0,0,0,0,0,0,0
"141",13079,5,"32199",77,0,2015,"A","N",1,0,0,0,0,0,0,"N",21.76,0,0,0,0,0,0,"N",0,0,0,0,0,0,0,0,0,0,0,0,0,0
"142",13079,5,"321999",78,0,2015,"A","N",1,0,0,0,0,0,0,"N",32.82,0,0,0,0,0,0,"N",0,0,0,0,0,0,0,0,0,0,0,0,0,0
"143",13079,5,"325",75,0,2015,"A","N",1,0,0,0,0,0,0,"N",3.79,0,0,0,0,0,0,"N",0,0,0,0,0,0,0,0,0,0,0,0,0,0
"144",13079,5,"3259",76,0,2015,"A","N",1,0,0,0,0,0,0,"N",22.67,0,0,0,0,0,0,"N",0,0,0,0,0,0,0,0,0,0,0,0,0,0
"145",13079,5,"32599",77,0,2015,"A","N",1,0,0,0,0,0,0,"N",28.39,0,0,0,0,0,0,"N",0,0,0,0,0,0,0,0,0,0,0,0,0,0
"146",13079,5,"325998",78,0,2015,"A","N",1,0,0,0,0,0,0,"N",42.4,0,0,0,0,0,0,"N",0,0,0,0,0,0,0,0,0,0,0,0,0,0
"147",13079,5,"327",75,0,2015,"A","N",1,0,0,0,0,0,0,"N",4,0,0,0,0,0,0,"N",0,0,0,0,0,0,0,0,0,0,0,0,0,0
"148",13079,5,"3279",76,0,2015,"A","N",1,0,0,0,0,0,0,"N",18.44,0,0,0,0,0,0,"N",0,0,0,0,0,0,0,0,0,0,0,0,0,0
"149",13079,5,"32799",77,0,2015,"A","N",1,0,0,0,0,0,0,"N",20.28,0,0,0,0,0,0,"N",0,0,0,0,0,0,0,0,0,0,0,0,0,0
"150",13079,5,"327991",78,0,2015,"A","N",1,0,0,0,0,0,0,"N",29.18,0,0,0,0,0,0,"N",0,0,0,0,0,0,0,0,0,0,0,0,0,0
"151",13079,5,"332",75,0,2015,"A",NA,4,21,700657,227027,8921,655,34040,NA,4.43,1.49,1.57,1.7,2.57,1.07,1.07,NA,0,0,0,0,-38448,-5.2,-7329,-3.1,1065,13.6,-36,-5.2,-1868,-5.2
"152",13079,5,"3327",76,0,2015,"A","N",2,0,0,0,0,0,0,"N",5.69,0,0,0,0,0,0,"N",0,0,0,0,0,0,0,0,0,0,0,0,0,0
"153",13079,5,"33271",77,0,2015,"A","N",2,0,0,0,0,0,0,"N",6.29,0,0,0,0,0,0,"N",0,0,0,0,0,0,0,0,0,0,0,0,0,0
"154",13079,5,"332710",78,0,2015,"A","N",2,0,0,0,0,0,0,"N",6.29,0,0,0,0,0,0,"N",0,0,0,0,0,0,0,0,0,0,0,0,0,0
"155",13079,5,"3328",76,0,2015,"A","N",1,0,0,0,0,0,0,"N",10.05,0,0,0,0,0,0,"N",0,0,0,0,0,0,0,0,0,0,0,0,0,0
"156",13079,5,"33281",77,0,2015,"A","N",1,0,0,0,0,0,0,"N",10.05,0,0,0,0,0,0,"N",0,0,0,0,0,0,0,0,0,0,0,0,0,0
"157",13079,5,"332812",78,0,2015,"A","N",1,0,0,0,0,0,0,"N",22.1,0,0,0,0,0,0,"N",0,0,0,0,0,0,0,0,0,0,0,0,0,0
"158",13079,5,"3329",76,0,2015,"A","N",1,0,0,0,0,0,0,"N",9.23,0,0,0,0,0,0,"N",0,0,0,0,0,0,0,0,0,0,0,0,0,0
"159",13079,5,"33299",77,0,2015,"A","N",1,0,0,0,0,0,0,"N",11.95,0,0,0,0,0,0,"N",0,0,0,0,0,0,0,0,0,0,0,0,0,0
"160",13079,5,"332992",78,0,2015,"A","N",1,0,0,0,0,0,0,"N",456.2,0,0,0,0,0,0,"N",0,0,0,0,0,0,0,0,0,0,0,0,0,0
"161",13079,5,"337",75,0,2015,"A","N",2,0,0,0,0,0,0,"N",7.35,0,0,0,0,0,0,"N",0,0,0,0,0,0,0,0,0,0,0,0,0,0
"162",13079,5,"3371",76,0,2015,"A","N",2,0,0,0,0,0,0,"N",9.99,0,0,0,0,0,0,"N",0,0,0,0,0,0,0,0,0,0,0,0,0,0
"163",13079,5,"33711",77,0,2015,"A","N",2,0,0,0,0,0,0,"N",15.61,0,0,0,0,0,0,"N",0,0,0,0,0,0,0,0,0,0,0,0,0,0
"164",13079,5,"337110",78,0,2015,"A","N",2,0,0,0,0,0,0,"N",15.61,0,0,0,0,0,0,"N",0,0,0,0,0,0,0,0,0,0,0,0,0,0
"165",13079,5,"339",75,0,2015,"A","N",2,0,0,0,0,0,0,"N",4.1,0,0,0,0,0,0,"N",0,0,0,0,0,0,0,0,0,0,0,0,0,0
"166",13079,5,"3391",76,0,2015,"A","N",2,0,0,0,0,0,0,"N",10.22,0,0,0,0,0,0,"N",0,0,0,0,0,0,0,0,0,0,0,0,0,0
"167",13079,5,"33911",77,0,2015,"A","N",2,0,0,0,0,0,0,"N",10.22,0,0,0,0,0,0,"N",0,0,0,0,0,0,0,0,0,0,0,0,0,0
"168",13079,5,"339116",78,0,2015,"A","N",2,0,0,0,0,0,0,"N",19.85,0,0,0,0,0,0,"N",0,0,0,0,0,0,0,0,0,0,0,0,0,0
"169",13079,5,"42",74,0,2015,"A",NA,5,22,1726434,401846,5890,1487,77303,NA,0.52,0.39,0.7,0.71,0.48,1.79,1.79,NA,-3,-37.5,-21,-48.8,-613560,-26.2,-99165,-19.8,-3433,-36.8,449,43.3,23303,43.2
"170",13079,5,"423",75,0,2015,"A","N",1,0,0,0,0,0,0,"N",0.26,0,0,0,0,0,0,"N",-1,-50,0,0,0,0,0,0,0,0,0,0,0,0
"171",13079,5,"4237",76,0,2015,"A","N",1,0,0,0,0,0,0,"N",3.09,0,0,0,0,0,0,"N",0,0,0,0,0,0,0,0,0,0,0,0,0,0
"172",13079,5,"42372",77,0,2015,"A","N",1,0,0,0,0,0,0,"N",8,0,0,0,0,0,0,"N",0,0,0,0,0,0,0,0,0,0,0,0,0,0
"173",13079,5,"423720",78,0,2015,"A","N",1,0,0,0,0,0,0,"N",8,0,0,0,0,0,0,"N",0,0,0,0,0,0,0,0,0,0,0,0,0,0
"174",13079,5,"424",75,0,2015,"A","N",2,0,0,0,0,0,0,"N",0.94,0,0,0,0,0,0,"N",-1,-33.3,0,0,0,0,0,0,0,0,0,0,0,0
"175",13079,5,"4246",76,0,2015,"A","N",1,0,0,0,0,0,0,"N",4.97,0,0,0,0,0,0,"N",0,0,0,0,0,0,0,0,0,0,0,0,0,0
"176",13079,5,"42469",77,0,2015,"A","N",1,0,0,0,0,0,0,"N",6.15,0,0,0,0,0,0,"N",0,0,0,0,0,0,0,0,0,0,0,0,0,0
"177",13079,5,"424690",78,0,2015,"A","N",1,0,0,0,0,0,0,"N",6.15,0,0,0,0,0,0,"N",0,0,0,0,0,0,0,0,0,0,0,0,0,0
"178",13079,5,"4249",76,0,2015,"A","N",1,0,0,0,0,0,0,"N",1.97,0,0,0,0,0,0,"N",0,0,0,0,0,0,0,0,0,0,0,0,0,0
"179",13079,5,"42493",77,0,2015,"A","N",1,0,0,0,0,0,0,"N",19.25,0,0,0,0,0,0,"N",0,0,0,0,0,0,0,0,0,0,0,0,0,0
"180",13079,5,"424930",78,0,2015,"A","N",1,0,0,0,0,0,0,"N",19.25,0,0,0,0,0,0,"N",0,0,0,0,0,0,0,0,0,0,0,0,0,0
"181",13079,5,"425",75,0,2015,"A","N",2,0,0,0,0,0,0,"N",0.57,0,0,0,0,0,0,"N",-1,-33.3,0,0,0,0,0,0,0,0,0,0,0,0
"182",13079,5,"4251",76,0,2015,"A","N",2,0,0,0,0,0,0,"N",0.57,0,0,0,0,0,0,"N",-1,-33.3,0,0,0,0,0,0,0,0,0,0,0,0
"183",13079,5,"42512",77,0,2015,"A","N",2,0,0,0,0,0,0,"N",0.58,0,0,0,0,0,0,"N",-1,-33.3,0,0,0,0,0,0,0,0,0,0,0,0
"184",13079,5,"425120",78,0,2015,"A","N",2,0,0,0,0,0,0,"N",0.58,0,0,0,0,0,0,"N",-1,-33.3,0,0,0,0,0,0,0,0,0,0,0,0
"185",13079,5,"44-45",74,0,2015,"A",NA,18,105,1964476,1003956,10951,358,18635,NA,1.12,0.69,0.74,0.85,0.52,1.06,1.06,NA,0,0,12,12.9,-36923,-1.8,90474,9.9,835,8.3,-56,-13.5,-2885,-13.4
"186",13079,5,"441",75,0,2015,"A","N",1,0,0,0,0,0,0,"N",0.56,0,0,0,0,0,0,"N",0,0,0,0,0,0,0,0,0,0,0,0,0,0
"187",13079,5,"4413",76,0,2015,"A","N",1,0,0,0,0,0,0,"N",1.15,0,0,0,0,0,0,"N",0,0,0,0,0,0,0,0,0,0,0,0,0,0
"188",13079,5,"44132",77,0,2015,"A","N",1,0,0,0,0,0,0,"N",3.27,0,0,0,0,0,0,"N",0,0,0,0,0,0,0,0,0,0,0,0,0,0
"189",13079,5,"441320",78,0,2015,"A","N",1,0,0,0,0,0,0,"N",3.27,0,0,0,0,0,0,"N",0,0,0,0,0,0,0,0,0,0,0,0,0,0
"190",13079,5,"444",75,0,2015,"A",NA,3,7,198239,76765,647,545,28320,NA,2.78,0.58,0.86,0.76,0.32,1.48,1.48,NA,0,0,-1,-12.5,15463,8.5,11628,17.9,346,115,127,30.4,6604,30.4
"191",13079,5,"4441",76,0,2015,"A",NA,3,7,198239,76765,647,545,28320,NA,3.65,0.66,0.98,0.86,0.37,1.47,1.47,NA,0,0,-1,-12.5,15463,8.5,11628,17.9,346,115,127,30.4,6604,30.4
"192",13079,5,"44413",77,0,2015,"A","N",2,0,0,0,0,0,0,"N",8.96,0,0,0,0,0,0,"N",0,0,0,0,0,0,0,0,0,0,0,0,0,0
"193",13079,5,"444130",78,0,2015,"A","N",2,0,0,0,0,0,0,"N",8.96,0,0,0,0,0,0,"N",0,0,0,0,0,0,0,0,0,0,0,0,0,0
"194",13079,5,"44419",77,0,2015,"A","N",1,0,0,0,0,0,0,"N",2.83,0,0,0,0,0,0,"N",0,0,0,0,0,0,0,0,0,0,0,0,0,0
"195",13079,5,"444190",78,0,2015,"A","N",1,0,0,0,0,0,0,"N",2.83,0,0,0,0,0,0,"N",0,0,0,0,0,0,0,0,0,0,0,0,0,0
"196",13079,5,"445",75,0,2015,"A",NA,3,47,629538,387011,4659,257,13347,NA,1.33,1.58,1.53,1.8,1.54,0.97,0.97,NA,0,0,11,30.6,57668,10.1,54626,16.4,1525,48.7,-48,-15.7,-2538,-16
"197",13079,5,"4451",76,0,2015,"A","N",2,0,0,0,0,0,0,"N",1.44,0,0,0,0,0,0,"N",0,0,0,0,0,0,0,0,0,0,0,0,0,0
"198",13079,5,"44511",77,0,2015,"A","N",2,0,0,0,0,0,0,"N",2.14,0,0,0,0,0,0,"N",0,0,0,0,0,0,0,0,0,0,0,0,0,0
"199",13079,5,"445110",78,0,2015,"A","N",2,0,0,0,0,0,0,"N",2.14,0,0,0,0,0,0,"N",0,0,0,0,0,0,0,0,0,0,0,0,0,0
"200",13079,5,"4453",76,0,2015,"A","N",1,0,0,0,0,0,0,"N",2.17,0,0,0,0,0,0,"N",0,0,0,0,0,0,0,0,0,0,0,0,0,0
"201",13079,5,"44531",77,0,2015,"A","N",1,0,0,0,0,0,0,"N",2.17,0,0,0,0,0,0,"N",0,0,0,0,0,0,0,0,0,0,0,0,0,0
"202",13079,5,"445310",78,0,2015,"A","N",1,0,0,0,0,0,0,"N",2.17,0,0,0,0,0,0,"N",0,0,0,0,0,0,0,0,0,0,0,0,0,0
"203",13079,5,"446",75,0,2015,"A","N",1,0,0,0,0,0,0,"N",0.6,0,0,0,0,0,0,"N",0,0,0,0,0,0,0,0,0,0,0,0,0,0
"204",13079,5,"4461",76,0,2015,"A","N",1,0,0,0,0,0,0,"N",0.6,0,0,0,0,0,0,"N",0,0,0,0,0,0,0,0,0,0,0,0,0,0
"205",13079,5,"44611",77,0,2015,"A","N",1,0,0,0,0,0,0,"N",1.03,0,0,0,0,0,0,"N",0,0,0,0,0,0,0,0,0,0,0,0,0,0
"206",13079,5,"446110",78,0,2015,"A","N",1,0,0,0,0,0,0,"N",1.03,0,0,0,0,0,0,"N",0,0,0,0,0,0,0,0,0,0,0,0,0,0
"207",13079,5,"447",75,0,2015,"A",NA,6,23,337943,217072,2000,288,14964,NA,3.7,2.62,3.22,3.33,1.97,1.25,1.25,NA,0,0,2,9.5,4588,1.4,4405,2.1,236,13.4,-11,-3.7,-601,-3.9
"208",13079,5,"4471",76,0,2015,"A",NA,6,23,337943,217072,2000,288,14964,NA,3.7,2.62,3.22,3.33,1.97,1.25,1.25,NA,0,0,2,9.5,4588,1.4,4405,2.1,236,13.4,-11,-3.7,-601,-3.9
"209",13079,5,"44711",77,0,2015,"A","N",6,0,0,0,0,0,0,"N",4.14,0,0,0,0,0,0,"N",1,20,0,0,0,0,0,0,0,0,0,0,0,0
"210",13079,5,"447110",78,0,2015,"A","N",6,0,0,0,0,0,0,"N",4.14,0,0,0,0,0,0,"N",1,20,0,0,0,0,0,0,0,0,0,0,0,0
"211",13079,5,"44719",77,0,2015,"A","N",0,0,0,0,0,0,0,"N",0,0,0,0,0,0,0,"N",-1,-100,0,0,0,0,0,0,0,0,0,0,0,0
"212",13079,5,"447190",78,0,2015,"A","N",0,0,0,0,0,0,0,"N",0,0,0,0,0,0,0,"N",-1,-100,0,0,0,0,0,0,0,0,0,0,0,0
"213",13079,5,"452",75,0,2015,"A","N",2,0,0,0,0,0,0,"N",2.13,0,0,0,0,0,0,"N",0,0,0,0,0,0,0,0,0,0,0,0,0,0
"214",13079,5,"4529",76,0,2015,"A","N",2,0,0,0,0,0,0,"N",2.83,0,0,0,0,0,0,"N",0,0,0,0,0,0,0,0,0,0,0,0,0,0
"215",13079,5,"45299",77,0,2015,"A","N",2,0,0,0,0,0,0,"N",3.25,0,0,0,0,0,0,"N",0,0,0,0,0,0,0,0,0,0,0,0,0,0
"216",13079,5,"452990",78,0,2015,"A","N",2,0,0,0,0,0,0,"N",3.25,0,0,0,0,0,0,"N",0,0,0,0,0,0,0,0,0,0,0,0,0,0
"217",13079,5,"454",75,0,2015,"A","N",2,0,0,0,0,0,0,"N",2.85,0,0,0,0,0,0,"N",0,0,0,0,0,0,0,0,0,0,0,0,0,0
"218",13079,5,"4543",76,0,2015,"A","N",2,0,0,0,0,0,0,"N",7.18,0,0,0,0,0,0,"N",0,0,0,0,0,0,0,0,0,0,0,0,0,0
"219",13079,5,"45431",77,0,2015,"A","N",1,0,0,0,0,0,0,"N",7.83,0,0,0,0,0,0,"N",0,0,0,0,0,0,0,0,0,0,0,0,0,0
"220",13079,5,"454310",78,0,2015,"A","N",1,0,0,0,0,0,0,"N",7.83,0,0,0,0,0,0,"N",0,0,0,0,0,0,0,0,0,0,0,0,0,0
"221",13079,5,"45439",77,0,2015,"A","N",1,0,0,0,0,0,0,"N",6.64,0,0,0,0,0,0,"N",0,0,0,0,0,0,0,0,0,0,0,0,0,0
"222",13079,5,"454390",78,0,2015,"A","N",1,0,0,0,0,0,0,"N",6.64,0,0,0,0,0,0,"N",0,0,0,0,0,0,0,0,0,0,0,0,0,0
"223",13079,5,"48-49",74,0,2015,"A",NA,6,62,2483458,687255,8709,769,40002,NA,1.65,1.39,1.89,1.58,0.92,1.36,1.36,NA,-2,-25,-2,-3.1,-176501,-6.6,-78691,-10.3,1612,22.7,-32,-4,-1668,-4
"224",13079,5,"484",75,0,2015,"A","N",4,0,0,0,0,0,0,"N",2.12,0,0,0,0,0,0,"N",-1,-20,0,0,0,0,0,0,0,0,0,0,0,0
"225",13079,5,"4841",76,0,2015,"A","N",1,0,0,0,0,0,0,"N",0.86,0,0,0,0,0,0,"N",0,0,0,0,0,0,0,0,0,0,0,0,0,0
"226",13079,5,"48412",77,0,2015,"A","N",1,0,0,0,0,0,0,"N",1.49,0,0,0,0,0,0,"N",0,0,0,0,0,0,0,0,0,0,0,0,0,0
"227",13079,5,"484121",78,0,2015,"A","N",1,0,0,0,0,0,0,"N",1.87,0,0,0,0,0,0,"N",0,0,0,0,0,0,0,0,0,0,0,0,0,0
"228",13079,5,"4842",76,0,2015,"A","N",3,0,0,0,0,0,0,"N",4.13,0,0,0,0,0,0,"N",-1,-25,0,0,0,0,0,0,0,0,0,0,0,0
"229",13079,5,"48422",77,0,2015,"A","N",3,0,0,0,0,0,0,"N",6.77,0,0,0,0,0,0,"N",-1,-25,0,0,0,0,0,0,0,0,0,0,0,0
"230",13079,5,"484220",78,0,2015,"A","N",3,0,0,0,0,0,0,"N",6.77,0,0,0,0,0,0,"N",-1,-25,0,0,0,0,0,0,0,0,0,0,0,0
"231",13079,5,"492",75,0,2015,"A","N",1,0,0,0,0,0,0,"N",3.62,0,0,0,0,0,0,"N",0,0,0,0,0,0,0,0,0,0,0,0,0,0
"232",13079,5,"4922",76,0,2015,"A","N",1,0,0,0,0,0,0,"N",8.62,0,0,0,0,0,0,"N",0,0,0,0,0,0,0,0,0,0,0,0,0,0
"233",13079,5,"49221",77,0,2015,"A","N",1,0,0,0,0,0,0,"N",8.62,0,0,0,0,0,0,"N",0,0,0,0,0,0,0,0,0,0,0,0,0,0
"234",13079,5,"492210",78,0,2015,"A","N",1,0,0,0,0,0,0,"N",8.62,0,0,0,0,0,0,"N",0,0,0,0,0,0,0,0,0,0,0,0,0,0
"235",13079,5,"493",75,0,2015,"A","N",1,0,0,0,0,0,0,"N",3.92,0,0,0,0,0,0,"N",0,0,0,0,0,0,0,0,0,0,0,0,0,0
"236",13079,5,"4931",76,0,2015,"A","N",1,0,0,0,0,0,0,"N",3.92,0,0,0,0,0,0,"N",0,0,0,0,0,0,0,0,0,0,0,0,0,0
"237",13079,5,"49311",77,0,2015,"A","N",1,0,0,0,0,0,0,"N",5.37,0,0,0,0,0,0,"N",0,0,0,0,0,0,0,0,0,0,0,0,0,0
"238",13079,5,"493110",78,0,2015,"A","N",1,0,0,0,0,0,0,"N",5.37,0,0,0,0,0,0,"N",0,0,0,0,0,0,0,0,0,0,0,0,0,0
"239",13079,5,"51",74,0,2015,"A","N",1,0,0,0,0,0,0,"N",0.43,0,0,0,0,0,0,"N",0,0,0,0,0,0,0,0,0,0,0,0,0,0
"240",13079,5,"511",75,0,2015,"A","N",1,0,0,0,0,0,0,"N",1.66,0,0,0,0,0,0,"N",0,0,0,0,0,0,0,0,0,0,0,0,0,0
"241",13079,5,"5111",76,0,2015,"A","N",1,0,0,0,0,0,0,"N",2.99,0,0,0,0,0,0,"N",0,0,0,0,0,0,0,0,0,0,0,0,0,0
"242",13079,5,"51111",77,0,2015,"A","N",1,0,0,0,0,0,0,"N",8.38,0,0,0,0,0,0,"N",0,0,0,0,0,0,0,0,0,0,0,0,0,0
"243",13079,5,"511110",78,0,2015,"A","N",1,0,0,0,0,0,0,"N",8.38,0,0,0,0,0,0,"N",0,0,0,0,0,0,0,0,0,0,0,0,0,0
"244",13079,5,"52",74,0,2015,"A","N",5,0,0,0,0,0,0,"N",0.68,0,0,0,0,0,0,"N",0,0,0,0,0,0,0,0,0,0,0,0,0,0
"245",13079,5,"522",75,0,2015,"A","N",2,0,0,0,0,0,0,"N",0.72,0,0,0,0,0,0,"N",0,0,0,0,0,0,0,0,0,0,0,0,0,0
"246",13079,5,"5221",76,0,2015,"A","N",1,0,0,0,0,0,0,"N",0.6,0,0,0,0,0,0,"N",0,0,0,0,0,0,0,0,0,0,0,0,0,0
"247",13079,5,"52211",77,0,2015,"A","N",1,0,0,0,0,0,0,"N",0.8,0,0,0,0,0,0,"N",0,0,0,0,0,0,0,0,0,0,0,0,0,0
"248",13079,5,"522110",78,0,2015,"A","N",1,0,0,0,0,0,0,"N",0.8,0,0,0,0,0,0,"N",0,0,0,0,0,0,0,0,0,0,0,0,0,0
"249",13079,5,"5222",76,0,2015,"A","N",1,0,0,0,0,0,0,"N",1.36,0,0,0,0,0,0,"N",0,0,0,0,0,0,0,0,0,0,0,0,0,0
"250",13079,5,"52229",77,0,2015,"A","N",1,0,0,0,0,0,0,"N",1.58,0,0,0,0,0,0,"N",0,0,0,0,0,0,0,0,0,0,0,0,0,0
"251",13079,5,"522291",78,0,2015,"A","N",1,0,0,0,0,0,0,"N",4.07,0,0,0,0,0,0,"N",0,0,0,0,0,0,0,0,0,0,0,0,0,0
"252",13079,5,"524",75,0,2015,"A",NA,3,5,204822,51384,1076,727,37813,NA,1.02,0.23,0.2,0.24,0.25,0.79,0.79,"N",0,0,0,0,0,0,0,0,0,0,0,0,0,0
"253",13079,5,"5241",76,0,2015,"A","N",2,0,0,0,0,0,0,"N",4.4,0,0,0,0,0,0,"N",0,0,0,0,0,0,0,0,0,0,0,0,0,0
"254",13079,5,"52412",77,0,2015,"A","N",2,0,0,0,0,0,0,"N",6.88,0,0,0,0,0,0,"N",0,0,0,0,0,0,0,0,0,0,0,0,0,0
"255",13079,5,"524126",78,0,2015,"A","N",2,0,0,0,0,0,0,"N",10.54,0,0,0,0,0,0,"N",0,0,0,0,0,0,0,0,0,0,0,0,0,0
"256",13079,5,"5242",76,0,2015,"A","N",1,0,0,0,0,0,0,"N",0.4,0,0,0,0,0,0,"N",0,0,0,0,0,0,0,0,0,0,0,0,0,0
"257",13079,5,"52421",77,0,2015,"A","N",1,0,0,0,0,0,0,"N",0.46,0,0,0,0,0,0,"N",0,0,0,0,0,0,0,0,0,0,0,0,0,0
"258",13079,5,"524210",78,0,2015,"A","N",1,0,0,0,0,0,0,"N",0.46,0,0,0,0,0,0,"N",0,0,0,0,0,0,0,0,0,0,0,0,0,0
"259",13079,5,"53",74,0,2015,"A","N",1,0,0,0,0,0,0,"N",0.18,0,0,0,0,0,0,"N",1,100,0,0,0,0,0,0,0,0,0,0,0,0
"260",13079,5,"531",75,0,2015,"A","N",1,0,0,0,0,0,0,"N",0.21,0,0,0,0,0,0,"N",1,100,0,0,0,0,0,0,0,0,0,0,0,0
"261",13079,5,"5311",76,0,2015,"A","N",1,0,0,0,0,0,0,"N",0.59,0,0,0,0,0,0,"N",1,100,0,0,0,0,0,0,0,0,0,0,0,0
"262",13079,5,"53119",77,0,2015,"A","N",1,0,0,0,0,0,0,"N",6.42,0,0,0,0,0,0,"N",1,100,0,0,0,0,0,0,0,0,0,0,0,0
"263",13079,5,"531190",78,0,2015,"A","N",1,0,0,0,0,0,0,"N",6.42,0,0,0,0,0,0,"N",1,100,0,0,0,0,0,0,0,0,0,0,0,0
"264",13079,5,"54",74,0,2015,"A",NA,5,31,2523939,362658,3680,1578,82079,NA,0.28,0.37,0.57,0.44,0.19,1.55,1.55,NA,1,25,3,10.7,245401,10.8,-280877,-43.6,-20972,-85.1,-15,-0.9,-777,-0.9
"265",13079,5,"541",75,0,2015,"A",NA,5,31,2523939,362658,3680,1578,82079,NA,0.28,0.37,0.57,0.44,0.19,1.55,1.55,NA,1,25,3,10.7,245401,10.8,-280877,-43.6,-20972,-85.1,-15,-0.9,-777,-0.9
"266",13079,5,"5411",76,0,2015,"A","N",1,0,0,0,0,0,0,"N",0.34,0,0,0,0,0,0,"N",0,0,0,0,0,0,0,0,0,0,0,0,0,0
"267",13079,5,"54111",77,0,2015,"A","N",1,0,0,0,0,0,0,"N",0.37,0,0,0,0,0,0,"N",0,0,0,0,0,0,0,0,0,0,0,0,0,0
"268",13079,5,"541110",78,0,2015,"A","N",1,0,0,0,0,0,0,"N",0.37,0,0,0,0,0,0,"N",0,0,0,0,0,0,0,0,0,0,0,0,0,0
"269",13079,5,"5413",76,0,2015,"A","N",1,0,0,0,0,0,0,"N",0.5,0,0,0,0,0,0,"N",0,0,0,0,0,0,0,0,0,0,0,0,0,0
"270",13079,5,"54133",77,0,2015,"A","N",1,0,0,0,0,0,0,"N",0.91,0,0,0,0,0,0,"N",0,0,0,0,0,0,0,0,0,0,0,0,0,0
"271",13079,5,"541330",78,0,2015,"A","N",1,0,0,0,0,0,0,"N",0.91,0,0,0,0,0,0,"N",0,0,0,0,0,0,0,0,0,0,0,0,0,0
"272",13079,5,"5415",76,0,2015,"A","N",1,0,0,0,0,0,0,"N",0.27,0,0,0,0,0,0,"N",0,0,0,0,0,0,0,0,0,0,0,0,0,0
"273",13079,5,"54151",77,0,2015,"A","N",1,0,0,0,0,0,0,"N",0.27,0,0,0,0,0,0,"N",0,0,0,0,0,0,0,0,0,0,0,0,0,0
"274",13079,5,"541512",78,0,2015,"A","N",1,0,0,0,0,0,0,"N",0.56,0,0,0,0,0,0,"N",0,0,0,0,0,0,0,0,0,0,0,0,0,0
"275",13079,5,"5416",76,0,2015,"A","N",2,0,0,0,0,0,0,"N",0.53,0,0,0,0,0,0,"N",1,100,0,0,0,0,0,0,0,0,0,0,0,0
"276",13079,5,"54161",77,0,2015,"A","N",2,0,0,0,0,0,0,"N",0.71,0,0,0,0,0,0,"N",1,100,0,0,0,0,0,0,0,0,0,0,0,0
"277",13079,5,"541618",78,0,2015,"A","N",2,0,0,0,0,0,0,"N",5.85,0,0,0,0,0,0,"N",1,100,0,0,0,0,0,0,0,0,0,0,0,0
"278",13079,5,"56",74,0,2015,"A",NA,9,27,795776,305624,4605,567,29473,NA,1.14,0.32,0.42,0.37,0.19,1.34,1.34,NA,0,0,1,3.8,89813,12.7,52053,20.5,614,15.4,36,6.8,1878,6.8
"279",13079,5,"561",75,0,2015,"A","N",8,0,0,0,0,0,0,"N",1.07,0,0,0,0,0,0,"N",0,0,0,0,0,0,0,0,0,0,0,0,0,0
"280",13079,5,"5614",76,0,2015,"A","N",1,0,0,0,0,0,0,"N",1.3,0,0,0,0,0,0,"N",0,0,0,0,0,0,0,0,0,0,0,0,0,0
"281",13079,5,"56141",77,0,2015,"A","N",1,0,0,0,0,0,0,"N",8.55,0,0,0,0,0,0,"N",0,0,0,0,0,0,0,0,0,0,0,0,0,0
"282",13079,5,"561410",78,0,2015,"A","N",1,0,0,0,0,0,0,"N",8.55,0,0,0,0,0,0,"N",0,0,0,0,0,0,0,0,0,0,0,0,0,0
"283",13079,5,"5616",76,0,2015,"A","N",1,0,0,0,0,0,0,"N",1.94,0,0,0,0,0,0,"N",0,0,0,0,0,0,0,0,0,0,0,0,0,0
"284",13079,5,"56162",77,0,2015,"A","N",1,0,0,0,0,0,0,"N",5.14,0,0,0,0,0,0,"N",0,0,0,0,0,0,0,0,0,0,0,0,0,0
"285",13079,5,"561622",78,0,2015,"A","N",1,0,0,0,0,0,0,"N",16.78,0,0,0,0,0,0,"N",0,0,0,0,0,0,0,0,0,0,0,0,0,0
"286",13079,5,"5617",76,0,2015,"A",NA,6,23,682669,265058,4519,561,29153,NA,1.88,1.18,2.18,1.61,1.01,1.81,1.81,NA,0,0,2,9.5,70002,11.4,55045,26.2,601,15.3,2,0.4,94,0.3
"287",13079,5,"56172",77,0,2015,"A","N",1,0,0,0,0,0,0,"N",0.96,0,0,0,0,0,0,"N",0,0,0,0,0,0,0,0,0,0,0,0,0,0
"288",13079,5,"561720",78,0,2015,"A","N",1,0,0,0,0,0,0,"N",0.96,0,0,0,0,0,0,"N",0,0,0,0,0,0,0,0,0,0,0,0,0,0
"289",13079,5,"56173",77,0,2015,"A",NA,4,12,324986,148677,1121,507,26350,NA,2.52,1.73,2.44,2.2,0.48,1.37,1.37,NA,0,0,2,20,31231,10.6,45695,44.4,595,113.1,-40,-7.3,-2078,-7.3
"290",13079,5,"561730",78,0,2015,"A",NA,4,12,324986,148677,1121,507,26350,NA,2.52,1.73,2.44,2.2,0.48,1.37,1.37,NA,0,0,2,20,31231,10.6,45695,44.4,595,113.1,-40,-7.3,-2078,-7.3
"291",13079,5,"56174",77,0,2015,"A","N",1,0,0,0,0,0,0,"N",7.95,0,0,0,0,0,0,"N",0,0,0,0,0,0,0,0,0,0,0,0,0,0
"292",13079,5,"561740",78,0,2015,"A","N",1,0,0,0,0,0,0,"N",7.95,0,0,0,0,0,0,"N",0,0,0,0,0,0,0,0,0,0,0,0,0,0
"293",13079,5,"562",75,0,2015,"A","N",1,0,0,0,0,0,0,"N",2.38,0,0,0,0,0,0,"N",0,0,0,0,0,0,0,0,0,0,0,0,0,0
"294",13079,5,"5621",76,0,2015,"A","N",1,0,0,0,0,0,0,"N",6.01,0,0,0,0,0,0,"N",0,0,0,0,0,0,0,0,0,0,0,0,0,0
"295",13079,5,"56211",77,0,2015,"A","N",1,0,0,0,0,0,0,"N",6.01,0,0,0,0,0,0,"N",0,0,0,0,0,0,0,0,0,0,0,0,0,0
"296",13079,5,"562111",78,0,2015,"A","N",1,0,0,0,0,0,0,"N",7.36,0,0,0,0,0,0,"N",0,0,0,0,0,0,0,0,0,0,0,0,0,0
"297",13079,5,"62",74,0,2015,"A",NA,8,142,3321228,1415123,36684,450,23375,NA,0.37,0.8,0.67,1.44,1.96,0.84,0.84,"N",-1,-11.1,0,0,0,0,0,0,0,0,0,0,0,0
"298",13079,5,"621",75,0,2015,"A","N",3,0,0,0,0,0,0,"N",0.34,0,0,0,0,0,0,"N",0,0,0,0,0,0,0,0,0,0,0,0,0,0
"299",13079,5,"6211",76,0,2015,"A","N",2,0,0,0,0,0,0,"N",0.6,0,0,0,0,0,0,"N",0,0,0,0,0,0,0,0,0,0,0,0,0,0
"300",13079,5,"62111",77,0,2015,"A","N",2,0,0,0,0,0,0,"N",0.6,0,0,0,0,0,0,"N",0,0,0,0,0,0,0,0,0,0,0,0,0,0
"301",13079,5,"621111",78,0,2015,"A","N",2,0,0,0,0,0,0,"N",0.63,0,0,0,0,0,0,"N",0,0,0,0,0,0,0,0,0,0,0,0,0,0
"302",13079,5,"6213",76,0,2015,"A","N",1,0,0,0,0,0,0,"N",0.48,0,0,0,0,0,0,"N",0,0,0,0,0,0,0,0,0,0,0,0,0,0
"303",13079,5,"62134",77,0,2015,"A","N",1,0,0,0,0,0,0,"N",1.91,0,0,0,0,0,0,"N",0,0,0,0,0,0,0,0,0,0,0,0,0,0
"304",13079,5,"621340",78,0,2015,"A","N",1,0,0,0,0,0,0,"N",1.91,0,0,0,0,0,0,"N",0,0,0,0,0,0,0,0,0,0,0,0,0,0
"305",13079,5,"623",75,0,2015,"A","N",2,0,0,0,0,0,0,"N",1.69,0,0,0,0,0,0,"N",0,0,0,0,0,0,0,0,0,0,0,0,0,0
"306",13079,5,"6231",76,0,2015,"A","N",1,0,0,0,0,0,0,"N",3.72,0,0,0,0,0,0,"N",0,0,0,0,0,0,0,0,0,0,0,0,0,0
"307",13079,5,"62311",77,0,2015,"A","N",1,0,0,0,0,0,0,"N",3.72,0,0,0,0,0,0,"N",0,0,0,0,0,0,0,0,0,0,0,0,0,0
"308",13079,5,"623110",78,0,2015,"A","N",1,0,0,0,0,0,0,"N",3.72,0,0,0,0,0,0,"N",0,0,0,0,0,0,0,0,0,0,0,0,0,0
"309",13079,5,"6233",76,0,2015,"A","N",1,0,0,0,0,0,0,"N",2.61,0,0,0,0,0,0,"N",0,0,0,0,0,0,0,0,0,0,0,0,0,0
"310",13079,5,"62331",77,0,2015,"A","N",1,0,0,0,0,0,0,"N",2.61,0,0,0,0,0,0,"N",0,0,0,0,0,0,0,0,0,0,0,0,0,0
"311",13079,5,"623311",78,0,2015,"A","N",1,0,0,0,0,0,0,"N",9.65,0,0,0,0,0,0,"N",0,0,0,0,0,0,0,0,0,0,0,0,0,0
"312",13079,5,"624",75,0,2015,"A",NA,4,37,698391,378949,13380,364,18918,NA,0.34,1.11,1.6,2,3.05,1.44,1.44,NA,0,0,2,5.7,66457,10.5,55787,17.3,928,7.5,12,3.4,601,3.3
"313",13079,5,"6241",76,0,2015,"A","N",2,0,0,0,0,0,0,"N",0.2,0,0,0,0,0,0,"N",0,0,0,0,0,0,0,0,0,0,0,0,0,0
"314",13079,5,"62412",77,0,2015,"A","N",1,0,0,0,0,0,0,"N",0.1,0,0,0,0,0,0,"N",0,0,0,0,0,0,0,0,0,0,0,0,0,0
"315",13079,5,"624120",78,0,2015,"A","N",1,0,0,0,0,0,0,"N",0.1,0,0,0,0,0,0,"N",0,0,0,0,0,0,0,0,0,0,0,0,0,0
"316",13079,5,"62419",77,0,2015,"A","N",1,0,0,0,0,0,0,"N",2.31,0,0,0,0,0,0,"N",0,0,0,0,0,0,0,0,0,0,0,0,0,0
"317",13079,5,"624190",78,0,2015,"A","N",1,0,0,0,0,0,0,"N",2.31,0,0,0,0,0,0,"N",0,0,0,0,0,0,0,0,0,0,0,0,0,0
"318",13079,5,"6244",76,0,2015,"A","N",2,0,0,0,0,0,0,"N",1.85,0,0,0,0,0,0,"N",0,0,0,0,0,0,0,0,0,0,0,0,0,0
"319",13079,5,"62441",77,0,2015,"A","N",2,0,0,0,0,0,0,"N",1.85,0,0,0,0,0,0,"N",0,0,0,0,0,0,0,0,0,0,0,0,0,0
"320",13079,5,"624410",78,0,2015,"A","N",2,0,0,0,0,0,0,"N",1.85,0,0,0,0,0,0,"N",0,0,0,0,0,0,0,0,0,0,0,0,0,0
"321",13079,5,"72",74,0,2015,"A",NA,6,29,265174,231290,2137,174,9040,NA,0.58,0.23,0.18,0.25,0.13,0.79,0.79,NA,1,20,1,3.6,975,0.4,34840,17.7,329,18.2,-11,-5.9,-567,-5.9
"322",13079,5,"722",75,0,2015,"A",NA,6,29,265174,231290,2137,174,9040,NA,0.65,0.27,0.24,0.31,0.17,0.87,0.87,NA,1,20,1,3.6,975,0.4,34840,17.7,329,18.2,-11,-5.9,-567,-5.9
"323",13079,5,"7225",76,0,2015,"A",NA,6,29,265174,231290,2137,174,9040,NA,0.74,0.3,0.27,0.34,0.2,0.89,0.89,NA,1,20,1,3.6,975,0.4,34840,17.7,329,18.2,-11,-5.9,-567,-5.9
"324",13079,5,"72251",77,0,2015,"A",NA,6,29,265174,231290,2137,174,9040,NA,0.74,0.3,0.27,0.34,0.2,0.89,0.89,NA,1,20,1,3.6,975,0.4,34840,17.7,329,18.2,-11,-5.9,-567,-5.9
"325",13079,5,"722511",78,0,2015,"A","N",3,0,0,0,0,0,0,"N",0.83,0,0,0,0,0,0,"N",-1,-25,0,0,0,0,0,0,0,0,0,0,0,0
"326",13079,5,"722513",78,0,2015,"A","N",2,0,0,0,0,0,0,"N",0.57,0,0,0,0,0,0,"N",1,100,0,0,0,0,0,0,0,0,0,0,0,0
"327",13079,5,"722514",78,0,2015,"A","N",1,0,0,0,0,0,0,"N",9.27,0,0,0,0,0,0,"N",1,100,0,0,0,0,0,0,0,0,0,0,0,0
"328",13079,5,"81",74,0,2015,"A",NA,8,25,1126391,298571,5919,869,45206,NA,0.63,0.6,1.3,0.96,0.93,2.18,2.18,NA,-2,-20,0,0,-1872,-0.2,13048,4.6,-1121,-15.9,7,0.8,374,0.8
"329",13079,5,"811",75,0,2015,"A",NA,4,12,367686,114727,537,610,31743,NA,1.15,0.97,1.21,0.99,0.22,1.29,1.29,NA,-1,-20,-2,-14.3,-42962,-10.5,-24174,-17.4,-598,-52.7,49,8.7,2585,8.9
"330",13079,5,"8111",76,0,2015,"A","N",1,0,0,0,0,0,0,"N",0.41,0,0,0,0,0,0,"N",-1,-50,0,0,0,0,0,0,0,0,0,0,0,0
"331",13079,5,"81111",77,0,2015,"A","N",1,0,0,0,0,0,0,"N",0.7,0,0,0,0,0,0,"N",-1,-50,0,0,0,0,0,0,0,0,0,0,0,0
"332",13079,5,"811111",78,0,2015,"A","N",1,0,0,0,0,0,0,"N",0.81,0,0,0,0,0,0,"N",-1,-50,0,0,0,0,0,0,0,0,0,0,0,0
"333",13079,5,"8112",76,0,2015,"A","N",2,0,0,0,0,0,0,"N",7.82,0,0,0,0,0,0,"N",0,0,0,0,0,0,0,0,0,0,0,0,0,0
"334",13079,5,"81121",77,0,2015,"A","N",2,0,0,0,0,0,0,"N",7.82,0,0,0,0,0,0,"N",0,0,0,0,0,0,0,0,0,0,0,0,0,0
"335",13079,5,"811219",78,0,2015,"A","N",2,0,0,0,0,0,0,"N",23.29,0,0,0,0,0,0,"N",0,0,0,0,0,0,0,0,0,0,0,0,0,0
"336",13079,5,"8113",76,0,2015,"A","N",1,0,0,0,0,0,0,"N",2.31,0,0,0,0,0,0,"N",0,0,0,0,0,0,0,0,0,0,0,0,0,0
"337",13079,5,"81131",77,0,2015,"A","N",1,0,0,0,0,0,0,"N",2.31,0,0,0,0,0,0,"N",0,0,0,0,0,0,0,0,0,0,0,0,0,0
"338",13079,5,"811310",78,0,2015,"A","N",1,0,0,0,0,0,0,"N",2.31,0,0,0,0,0,0,"N",0,0,0,0,0,0,0,0,0,0,0,0,0,0
"339",13079,5,"812",75,0,2015,"A","N",1,0,0,0,0,0,0,"N",0.31,0,0,0,0,0,0,"N",0,0,0,0,0,0,0,0,0,0,0,0,0,0
"340",13079,5,"8123",76,0,2015,"A","N",1,0,0,0,0,0,0,"N",1.91,0,0,0,0,0,0,"N",0,0,0,0,0,0,0,0,0,0,0,0,0,0
"341",13079,5,"81233",77,0,2015,"A","N",1,0,0,0,0,0,0,"N",23.19,0,0,0,0,0,0,"N",0,0,0,0,0,0,0,0,0,0,0,0,0,0
"342",13079,5,"812332",78,0,2015,"A","N",1,0,0,0,0,0,0,"N",48.89,0,0,0,0,0,0,"N",0,0,0,0,0,0,0,0,0,0,0,0,0,0
"343",13079,5,"813",75,0,2015,"A","N",2,0,0,0,0,0,0,"N",0.9,0,0,0,0,0,0,"N",0,0,0,0,0,0,0,0,0,0,0,0,0,0
"344",13079,5,"8139",76,0,2015,"A","N",2,0,0,0,0,0,0,"N",2.18,0,0,0,0,0,0,"N",0,0,0,0,0,0,0,0,0,0,0,0,0,0
"345",13079,5,"81391",77,0,2015,"A","N",2,0,0,0,0,0,0,"N",6.66,0,0,0,0,0,0,"N",0,0,0,0,0,0,0,0,0,0,0,0,0,0
"346",13079,5,"813910",78,0,2015,"A","N",2,0,0,0,0,0,0,"N",6.66,0,0,0,0,0,0,"N",0,0,0,0,0,0,0,0,0,0,0,0,0,0
"347",13079,5,"814",75,0,2015,"A","N",1,0,0,0,0,0,0,"N",0.27,0,0,0,0,0,0,"N",-1,-50,0,0,0,0,0,0,0,0,0,0,0,0
"348",13079,5,"8141",76,0,2015,"A","N",1,0,0,0,0,0,0,"N",0.27,0,0,0,0,0,0,"N",-1,-50,0,0,0,0,0,0,0,0,0,0,0,0
"349",13079,5,"81411",77,0,2015,"A","N",1,0,0,0,0,0,0,"N",0.27,0,0,0,0,0,0,"N",-1,-50,0,0,0,0,0,0,0,0,0,0,0,0
"350",13079,5,"814110",78,0,2015,"A","N",1,0,0,0,0,0,0,"N",0.27,0,0,0,0,0,0,"N",-1,-50,0,0,0,0,0,0,0,0,0,0,0,0
"351",13079,5,"99",74,0,2015,"A","N",3,0,0,0,0,0,0,"N",1,0,0,0,0,0,0,"N",1,50,0,0,0,0,0,0,0,0,0,0,0,0
"352",13079,5,"999",75,0,2015,"A","N",3,0,0,0,0,0,0,"N",1,0,0,0,0,0,0,"N",1,50,0,0,0,0,0,0,0,0,0,0,0,0
"353",13079,5,"9999",76,0,2015,"A","N",3,0,0,0,0,0,0,"N",1,0,0,0,0,0,0,"N",1,50,0,0,0,0,0,0,0,0,0,0,0,0
"354",13079,5,"99999",77,0,2015,"A","N",3,0,0,0,0,0,0,"N",1,0,0,0,0,0,0,"N",1,50,0,0,0,0,0,0,0,0,0,0,0,0
"355",13079,5,"999999",78,0,2015,"A","N",3,0,0,0,0,0,0,"N",1,0,0,0,0,0,0,"N",1,50,0,0,0,0,0,0,0,0,0,0,0,0
